Workbook
Name CategoryList: Categories!$A$1:$A$13
Name ExpenseTracker: ExpenseTable[[#All],[Date]]

Sheet Expense Entry
B2: Please enter the date of the expense, select the appropriate category, add a brief description if needed, and enter the amount. Use the drop-down list in the 'Category' column to select from predefined options.
B4: Date | C4: Category | D4: Description | E4: Amount

Sheet Quick Expense Calculator
B2: Expense Tracker
B5: Year | E5: 2024 | I5: Month | L5: Nov | Q5: Instructions
B7: Income | E7: =SUMPRODUCT( (MONTH(ExpenseTable[Date]) = MONTH(DATEVALUE("1-" & 'Quick Expense Calculator'!$L$5 & "-2024"))) * (YEAR(ExpenseTable[Date]) = 'Quick Expense Calculator'!$E$5) * (ExpenseTable[Category] = 'Quick Expense Calculator'!$B$7), ExpenseTable[Amount] ) -> #VALUE! | I7: Income after expense | L7: =$E$7-$B$11 -> #VALUE! | P7: 1. Year by default is 2024 but its editable - format YYYY [eg. 2024]
P8: 2. Month by default is Jan but its editable - format MMM [eg. Jan]
P9: 3. Income is calculated based on both month and year selected
B10: Month Expenses | E10: Month Savings | I10: Expenses by Category | P10: 4. If income data for selected month is not available then it shows zero
B11: =SUMPRODUCT( (MONTH(ExpenseTable[Date])=MONTH(DATEVALUE("01-"&$L$5&"-2024"))) * (YEAR(ExpenseTable[Date])='Quick Expense Calculator'!$E$5) * (NOT(ISNUMBER(MATCH(ExpenseTable[Category], {"Savings","Income"}, 0)))), ExpenseTable[Amount] ) -> #VALUE! | E11: =SUMPRODUCT( (MONTH(ExpenseTable[Date]) = MONTH(DATEVALUE("1-" & 'Quick Expense Calculator'!$L$5 & "-2024"))) * (YEAR(ExpenseTable[Date]) = 'Quick Expense Calculator'!$E$5) * (ExpenseTable[Category] = 'Quick Expense Calculator'!I21), ExpenseTable[Amount] ) -> #VALUE! | I11: Food | L11: =SUMPRODUCT( (MONTH(ExpenseTable[Date]) = MONTH(DATEVALUE("1-" & 'Quick Expense Calculator'!$L$5 & "-2024"))) * (YEAR(ExpenseTable[Date]) = 'Quick Expense Calculator'!$E$5) * (ExpenseTable[Category] = 'Quick Expense Calculator'!I11), ExpenseTable[Amount] ) -> #VALUE! | P11: 5. Income after expense is Income - Month Expenses for quick view
I12: Transport | L12: =SUMPRODUCT( (MONTH(ExpenseTable[Date]) = MONTH(DATEVALUE("1-" & 'Quick Expense Calculator'!$L$5 & "-2024"))) * (YEAR(ExpenseTable[Date]) = 'Quick Expense Calculator'!$E$5) * (ExpenseTable[Category] = 'Quick Expense Calculator'!I12), ExpenseTable[Amount] ) -> #VALUE! | P12: 6. If Income - Month Expenses of the month is less than zero, cell turns red else green
I13: Rent | L13: =SUMPRODUCT( (MONTH(ExpenseTable[Date]) = MONTH(DATEVALUE("1-" & 'Quick Expense Calculator'!$L$5 & "-2024"))) * (YEAR(ExpenseTable[Date]) = 'Quick Expense Calculator'!$E$5) * (ExpenseTable[Category] = 'Quick Expense Calculator'!I13), ExpenseTable[Amount] ) -> #VALUE! | P13: 7. Month Expenses is the total expense of the selected month and year
I14: Shopping | L14: =SUMPRODUCT( (MONTH(ExpenseTable[Date]) = MONTH(DATEVALUE("1-" & 'Quick Expense Calculator'!$L$5 & "-2024"))) * (YEAR(ExpenseTable[Date]) = 'Quick Expense Calculator'!$E$5) * (ExpenseTable[Category] = 'Quick Expense Calculator'!I14), ExpenseTable[Amount] ) -> #VALUE! | P14: 8. Monthly Savings is the total savings of the selected month and year
I15: Entertainment | L15: =SUMPRODUCT( (MONTH(ExpenseTable[Date]) = MONTH(DATEVALUE("1-" & 'Quick Expense Calculator'!$L$5 & "-2024"))) * (YEAR(ExpenseTable[Date]) = 'Quick Expense Calculator'!$E$5) * (ExpenseTable[Category] = 'Quick Expense Calculator'!I15), ExpenseTable[Amount] ) -> #VALUE! | P15: 9. If no savings data then it shows zero. It doesn't effect any table.
B16: Expenses by Month | I16: Healthcare | L16: =SUMPRODUCT( (MONTH(ExpenseTable[Date]) = MONTH(DATEVALUE("1-" & 'Quick Expense Calculator'!$L$5 & "-2024"))) * (YEAR(ExpenseTable[Date]) = 'Quick Expense Calculator'!$E$5) * (ExpenseTable[Category] = 'Quick Expense Calculator'!I16), ExpenseTable[Amount] ) -> #VALUE! | P16: 10. Expenses by Month is a quick view of monthly expenses of the selected year
B17: Jan | E17: =SUMPRODUCT( (MONTH(ExpenseTable[Date])=MONTH(DATEVALUE("01-" & B17 & "-2024"))) * (YEAR(ExpenseTable[Date])='Quick Expense Calculator'!$E$5) * (NOT(ISNUMBER(MATCH(ExpenseTable[Category], {"Savings","Income"}, 0)))), ExpenseTable[Amount] ) -> #VALUE! | I17: Daily necessities | L17: =SUMPRODUCT( (MONTH(ExpenseTable[Date]) = MONTH(DATEVALUE("1-" & 'Quick Expense Calculator'!$L$5 & "-2024"))) * (YEAR(ExpenseTable[Date]) = 'Quick Expense Calculator'!$E$5) * (ExpenseTable[Category] = 'Quick Expense Calculator'!I17), ExpenseTable[Amount] ) -> #VALUE! | P17: 11. Color - Red is highest expense, yellow moderate, green low or no expense
B18: Feb | E18: =SUMPRODUCT( (MONTH(ExpenseTable[Date])=MONTH(DATEVALUE("01-" & B18 & "-2024"))) * (YEAR(ExpenseTable[Date])='Quick Expense Calculator'!$E$5) * (NOT(ISNUMBER(MATCH(ExpenseTable[Category], {"Savings","Income"}, 0)))), ExpenseTable[Amount] ) -> #VALUE! | I18: Beauty/Skincare | L18: =SUMPRODUCT( (MONTH(ExpenseTable[Date]) = MONTH(DATEVALUE("1-" & 'Quick Expense Calculator'!$L$5 & "-2024"))) * (YEAR(ExpenseTable[Date]) = 'Quick Expense Calculator'!$E$5) * (ExpenseTable[Category] = 'Quick Expense Calculator'!I18), ExpenseTable[Amount] ) -> #VALUE! | P18: 12. Expenses by Category is a quick view of money spent in different categories
B19: Mar | E19: =SUMPRODUCT( (MONTH(ExpenseTable[Date])=MONTH(DATEVALUE("01-" & B19 & "-2024"))) * (YEAR(ExpenseTable[Date])='Quick Expense Calculator'!$E$5) * (NOT(ISNUMBER(MATCH(ExpenseTable[Category], {"Savings","Income"}, 0)))), ExpenseTable[Amount] ) -> #VALUE! | I19: Car | L19: =SUMPRODUCT( (MONTH(ExpenseTable[Date]) = MONTH(DATEVALUE("1-" & 'Quick Expense Calculator'!$L$5 & "-2024"))) * (YEAR(ExpenseTable[Date]) = 'Quick Expense Calculator'!$E$5) * (ExpenseTable[Category] = 'Quick Expense Calculator'!I19), ExpenseTable[Amount] ) -> #VALUE! | P19: 13. Expenses by Category is dependent on the month and year selected
B20: Apr | E20: =SUMPRODUCT( (MONTH(ExpenseTable[Date])=MONTH(DATEVALUE("01-" & B20 & "-2024"))) * (YEAR(ExpenseTable[Date])='Quick Expense Calculator'!$E$5) * (NOT(ISNUMBER(MATCH(ExpenseTable[Category], {"Savings","Income"}, 0)))), ExpenseTable[Amount] ) -> #VALUE! | I20: Utilities | L20: =SUMPRODUCT( (MONTH(ExpenseTable[Date]) = MONTH(DATEVALUE("1-" & 'Quick Expense Calculator'!$L$5 & "-2024"))) * (YEAR(ExpenseTable[Date]) = 'Quick Expense Calculator'!$E$5) * (ExpenseTable[Category] = 'Quick Expense Calculator'!I20), ExpenseTable[Amount] ) -> #VALUE! | P20: 14. Savings is not an expense so its always in blue. Dependent on both month and year
B21: May | E21: =SUMPRODUCT( (MONTH(ExpenseTable[Date])=MONTH(DATEVALUE("01-" & B21 & "-2024"))) * (YEAR(ExpenseTable[Date])='Quick Expense Calculator'!$E$5) * (NOT(ISNUMBER(MATCH(ExpenseTable[Category], {"Savings","Income"}, 0)))), ExpenseTable[Amount] ) -> #VALUE! | I21: Savings | L21: =SUMPRODUCT( (MONTH(ExpenseTable[Date]) = MONTH(DATEVALUE("1-" & 'Quick Expense Calculator'!$L$5 & "-2024"))) * (YEAR(ExpenseTable[Date]) = 'Quick Expense Calculator'!$E$5) * (ExpenseTable[Category] = 'Quick Expense Calculator'!I21), ExpenseTable[Amount] ) -> #VALUE! | P21: 15. Year Expenses is the total expense of the year selected
B22: Jun | E22: =SUMPRODUCT( (MONTH(ExpenseTable[Date])=MONTH(DATEVALUE("01-" & B22 & "-2024"))) * (YEAR(ExpenseTable[Date])='Quick Expense Calculator'!$E$5) * (NOT(ISNUMBER(MATCH(ExpenseTable[Category], {"Savings","Income"}, 0)))), ExpenseTable[Amount] ) -> #VALUE! | P22: 16. Year Savings is the total savings of the year selected
B23: Jul | E23: =SUMPRODUCT( (MONTH(ExpenseTable[Date])=MONTH(DATEVALUE("01-" & B23 & "-2024"))) * (YEAR(ExpenseTable[Date])='Quick Expense Calculator'!$E$5) * (NOT(ISNUMBER(MATCH(ExpenseTable[Category], {"Savings","Income"}, 0)))), ExpenseTable[Amount] ) -> #VALUE! | I23: Year Expenses | L23: Year Savings | P23: 17. This sheet get automatically updated upon changes made in the Entry Sheet
B24: Aug | E24: =SUMPRODUCT( (MONTH(ExpenseTable[Date])=MONTH(DATEVALUE("01-" & B24 & "-2024"))) * (YEAR(ExpenseTable[Date])='Quick Expense Calculator'!$E$5) * (NOT(ISNUMBER(MATCH(ExpenseTable[Category], {"Savings","Income"}, 0)))), ExpenseTable[Amount] ) -> #VALUE! | I24: =SUMPRODUCT( (YEAR(ExpenseTable[Date])='Quick Expense Calculator'!$E$5) * (NOT(ISNUMBER(MATCH(ExpenseTable[Category], {"Savings","Income"}, 0)))), ExpenseTable[Amount] ) -> #VALUE! | L24: =SUMPRODUCT( (YEAR(ExpenseTable[Date])='Quick Expense Calculator'!$E$5)* (ExpenseTable[Category]="Savings"), ExpenseTable[Amount]) -> #VALUE! | P24: 18. Only Year and Month are editable. Sheet is protected to avoid edits and errors
B25: Sep | E25: =SUMPRODUCT( (MONTH(ExpenseTable[Date])=MONTH(DATEVALUE("01-" & B25 & "-2024"))) * (YEAR(ExpenseTable[Date])='Quick Expense Calculator'!$E$5) * (NOT(ISNUMBER(MATCH(ExpenseTable[Category], {"Savings","Income"}, 0)))), ExpenseTable[Amount] ) -> #VALUE! | P25: 19. Note: Income after expense turns negative if income is not provided or expense > income
B26: Oct | E26: =SUMPRODUCT( (MONTH(ExpenseTable[Date])=MONTH(DATEVALUE("01-" & B26 & "-2024"))) * (YEAR(ExpenseTable[Date])='Quick Expense Calculator'!$E$5) * (NOT(ISNUMBER(MATCH(ExpenseTable[Category], {"Savings","Income"}, 0)))), ExpenseTable[Amount] ) -> #VALUE! | P26: Because it depends on income
B27: Nov | E27: =SUMPRODUCT( (MONTH(ExpenseTable[Date])=MONTH(DATEVALUE("01-" & B27 & "-2024"))) * (YEAR(ExpenseTable[Date])='Quick Expense Calculator'!$E$5) * (NOT(ISNUMBER(MATCH(ExpenseTable[Category], {"Savings","Income"}, 0)))), ExpenseTable[Amount] ) -> #VALUE! | P27: 20. Note: If no data at all for the selected month/year then expenses by category and month turns
B28: Dec | E28: =SUMPRODUCT( (MONTH(ExpenseTable[Date])=MONTH(DATEVALUE("01-" & B28 & "-2024"))) * (YEAR(ExpenseTable[Date])='Quick Expense Calculator'!$E$5) * (NOT(ISNUMBER(MATCH(ExpenseTable[Category], {"Savings","Income"}, 0)))), ExpenseTable[Amount] ) -> #VALUE! | P28: red. Nothing to worry about since it can't decide which is the highest expense so all goes red.
P29: Once you enter data or change the month and year that has data, it updates automatically

Sheet Categories
A1: Food
A2: Transport
A3: Utilities
A4: Entertainment
A5: Shopping
A6: Healthcare
A7: Car
A8: Income
A9: Rent
A10: Daily Necessities
A11: Savings
A12: Beauty/Skincare
A13: Miscellaneous
